src,dst,count
userId_22136,userId_13364,1
userId_14678,userId_13364,5
userId_34177,userId_13364,1
userId_6166,userId_13364,7
userId_2458,userId_13364,1
userId_36150,userId_13364,1
userId_9715,userId_13364,1
userId_30318,userId_13364,1
userId_29174,userId_13364,1
userId_1756,userId_13364,1
userId_8219,userId_13364,1
userId_8377,userId_13364,1
userId_12432,userId_13364,1
userId_27610,userId_13364,1
userId_38409,userId_13364,1
userId_37770,userId_13364,1
userId_35544,userId_13364,1
userId_13703,userId_13364,1
userId_3217,userId_13364,1
userId_13967,userId_13364,1
userId_31487,userId_13364,1
userId_24773,userId_13364,1
userId_32661,userId_13364,3
userId_12084,userId_13364,1
userId_30723,userId_13364,1
userId_13364,userId_13364,13
userId_23452,userId_13364,1
userId_4022,userId_13364,1
userId_4055,userId_13364,1
userId_33781,userId_13364,1
userId_5931,userId_13364,1
userId_5232,userId_13364,2
userId_33845,userId_13364,1
userId_9899,userId_13364,1
userId_3397,userId_13364,1
userId_29028,userId_13364,1
userId_16629,userId_13364,1
userId_36381,userId_13364,1
userId_19840,userId_13364,1
userId_14119,userId_13364,1
userId_3739,userId_13364,1
userId_24152,userId_13364,1
userId_3978,userId_13364,1
userId_19325,userId_13364,1
userId_19363,userId_19363,2
userId_4902,userId_19363,1
userId_10373,userId_19363,1
userId_26507,userId_19363,1
userId_26745,userId_19363,1
userId_27729,userId_19363,1
userId_3019,userId_19363,1
userId_36438,userId_19363,1
userId_13269,userId_19363,1
userId_29766,userId_19363,2
userId_6020,userId_19363,1
userId_19873,userId_19363,1
userId_14599,userId_19363,1
userId_9880,userId_19363,1
userId_33123,userId_19363,1
userId_22582,userId_19363,1
userId_27122,userId_19363,1
userId_9097,userId_22330,1
userId_9281,userId_22330,3
userId_39659,userId_22330,2
userId_29418,userId_22330,8
userId_17819,userId_22330,1
userId_34230,userId_22330,1
userId_30799,userId_22330,1
userId_28802,userId_22330,1
userId_28577,userId_22330,4
userId_5879,userId_22330,2
userId_17530,userId_22330,1
userId_30391,userId_22330,1
userId_19385,userId_22330,1
userId_19362,userId_22330,10
userId_35634,userId_22330,2
userId_13724,userId_22330,1
userId_8926,userId_22330,1
userId_27213,userId_22330,3
userId_7731,userId_22330,2
userId_11439,userId_22330,1
userId_21379,userId_22330,1
userId_38426,userId_22330,1
userId_24545,userId_22330,1
userId_24497,userId_22330,1
userId_14668,userId_22330,1
userId_765,userId_22330,2
userId_22514,userId_22330,2
userId_805,userId_22330,1
userId_14528,userId_22330,1
userId_38855,userId_22330,1
userId_34334,userId_22330,1
userId_30235,userId_22330,1
userId_36350,userId_22330,2
userId_32950,userId_22330,1
userId_38838,userId_22330,1
userId_9287,userId_22330,1
userId_5349,userId_22330,1
userId_28040,userId_22330,1
userId_14219,userId_22330,1
userId_28717,userId_22330,1
userId_15543,userId_22330,1
userId_7208,userId_22330,1
userId_25257,userId_22330,1
userId_4786,userId_22330,4
userId_31301,userId_22330,1
userId_18852,userId_22330,2
userId_20687,userId_22330,1
userId_757,userId_22330,1
userId_22655,userId_22330,1
userId_2506,userId_22330,1
userId_32190,userId_22330,1
userId_33963,userId_22330,4
userId_12076,userId_22330,1
userId_38190,userId_22330,1
userId_18723,userId_22330,4
userId_13031,userId_22330,1
userId_38624,userId_22330,1
userId_17042,userId_22330,1
userId_37720,userId_22330,1
userId_16980,userId_22330,1
userId_26757,userId_22330,1
userId_39434,userId_22330,5
userId_29708,userId_22330,2
userId_37904,userId_22330,1
userId_12936,userId_22330,1
userId_10539,userId_22330,1
userId_12773,userId_22330,1
userId_18460,userId_22330,1
userId_10128,userId_22330,1
userId_34488,userId_22330,1
userId_29561,userId_22330,7
userId_20826,userId_22330,1
userId_32139,userId_22330,1
userId_5866,userId_22330,1
userId_25895,userId_22330,1
userId_20859,userId_22330,1
userId_8291,userId_22330,1
userId_24501,userId_22330,1
userId_32599,userId_22330,4
userId_18757,userId_22330,1
userId_1116,userId_22330,1
userId_34588,userId_22330,2
userId_16006,userId_22330,1
userId_13655,userId_22330,7
userId_10053,userId_22330,2
userId_4816,userId_22330,1
userId_6715,userId_22330,1
userId_8043,userId_22330,1
userId_19881,userId_22330,3
userId_18154,userId_22330,1
userId_34440,userId_22330,1
userId_23556,userId_22330,3
userId_9443,userId_22330,1
userId_28541,userId_22330,2
userId_21795,userId_22330,1
userId_14138,userId_22330,1
userId_25622,userId_22330,2
userId_13951,userId_22330,1
userId_35364,userId_22330,1
userId_6419,userId_22330,3
userId_31912,userId_22330,1
userId_37574,userId_22330,1
userId_31981,userId_22330,3
userId_3575,userId_22330,4
userId_33541,userId_22330,1
userId_6934,userId_22330,1
userId_3183,userId_22330,5
userId_24098,userId_22330,1
userId_32204,userId_22330,2
userId_31595,userId_22330,1
userId_29552,userId_22330,1
userId_23661,userId_22330,1
userId_10121,userId_22330,1
userId_21133,userId_22330,2
userId_23461,userId_22330,1
userId_22456,userId_22330,1
userId_35752,userId_22330,1
userId_25885,userId_22330,2
userId_1819,userId_22330,1
userId_6696,userId_22330,1
userId_21825,userId_22330,1
userId_32693,userId_22330,1
userId_38726,userId_22330,1
userId_24109,userId_22330,1
userId_17762,userId_22330,2
userId_14468,userId_22330,1
userId_29730,userId_22330,1
userId_15830,userId_22330,1
userId_35105,userId_22330,1
userId_31431,userId_22330,2
userId_34291,userId_22330,7
userId_22317,userId_22330,3
userId_15858,userId_22330,1
userId_35810,userId_22330,3
userId_3489,userId_22330,1
userId_36042,userId_22330,2
userId_23776,userId_22330,1
userId_23655,userId_22330,1
userId_19214,userId_22330,1
userId_21852,userId_22330,8
userId_4932,userId_22330,1
userId_26760,userId_22330,1
userId_3033,userId_22330,1
userId_22573,userId_22330,2
userId_7492,userId_22330,1
userId_19998,userId_22330,1
userId_15687,userId_22330,1
userId_29945,userId_22330,1
userId_33806,userId_22330,2
userId_2292,userId_22330,1
userId_18600,userId_22330,2
userId_33740,userId_22330,1
userId_26322,userId_22330,1
userId_14880,userId_22330,1
userId_36392,userId_22330,1
userId_20135,userId_22330,1
userId_39615,userId_22330,3
userId_7165,userId_22330,1
userId_36257,userId_22330,1
userId_30544,userId_22330,1
userId_514,userId_22330,1
userId_1973,userId_22330,1
userId_13645,userId_22330,1
userId_37652,userId_22330,11
userId_27730,userId_22330,6
userId_7151,userId_22330,1
userId_31117,userId_22330,4
userId_34484,userId_22330,1
userId_20700,userId_22330,1
userId_27858,userId_22330,2
userId_20443,userId_22330,1
userId_29387,userId_22330,6
userId_26503,userId_22330,1
userId_37316,userId_22330,1
userId_12235,userId_22330,1
userId_31868,userId_22330,2
userId_16175,userId_22330,1
userId_25305,userId_22330,1
userId_8409,userId_22330,1
userId_23140,userId_22330,1
userId_2979,userId_22330,3
userId_1245,userId_22330,1
userId_3757,userId_22330,1
userId_1820,userId_22330,1
userId_23398,userId_22330,3
userId_8187,userId_22330,1
userId_5890,userId_22330,2
userId_11194,userId_22330,1
userId_19646,userId_22330,1
userId_19381,userId_22330,3
userId_15588,userId_22330,1
userId_34217,userId_22330,1
userId_8802,userId_22330,1
userId_17454,userId_22330,1
userId_39651,userId_22330,1
userId_27622,userId_22330,5
userId_914,userId_22330,1
userId_1247,userId_22330,1
userId_19939,userId_22330,1
userId_23956,userId_22330,3
userId_2181,userId_22330,1
userId_36807,userId_22330,1
userId_4965,userId_22330,1
userId_26098,userId_22330,1
userId_31792,userId_22330,1
userId_12976,userId_22330,1
userId_33925,userId_22330,2
userId_4142,userId_22330,1
userId_12292,userId_22330,4
userId_16654,userId_22330,4
userId_34147,userId_22330,1
userId_23847,userId_22330,6
userId_17938,userId_22330,1
userId_6304,userId_22330,1
userId_32818,userId_22330,1
userId_36382,userId_22330,1
userId_14172,userId_22330,12
userId_2984,userId_22330,2
userId_7068,userId_22330,1
userId_31359,userId_22330,1
userId_7453,userId_22330,1
userId_3719,userId_22330,1
userId_33334,userId_22330,1
userId_1941,userId_22330,4
userId_38513,userId_22330,1
userId_34693,userId_22330,1
userId_27032,userId_22330,1
userId_16198,userId_22330,1
userId_18389,userId_22330,1
userId_21077,userId_22330,1
userId_9250,userId_22330,3
userId_7655,userId_22330,1
userId_5322,userId_22330,2
userId_9555,userId_22330,1
userId_29989,userId_22330,1
userId_25515,userId_22330,2
userId_10515,userId_22330,1
userId_25289,userId_22330,1
userId_22246,userId_22330,2
userId_7772,userId_22330,1
userId_28173,userId_22330,1
userId_36975,userId_22330,1
userId_8997,userId_22330,1
userId_4912,userId_22330,1
userId_39335,userId_22330,1
userId_31020,userId_22330,1
userId_45,userId_22330,1
userId_29419,userId_22330,2
userId_6064,userId_22330,1
userId_27954,userId_22330,1
userId_19978,userId_22330,1
userId_1774,userId_22330,1
userId_541,userId_22330,1
userId_26533,userId_22330,1
userId_14109,userId_22330,1
userId_7552,userId_22330,1
userId_30539,userId_22330,4
userId_30529,userId_22330,1
userId_38390,userId_22330,2
userId_3990,userId_22330,1
userId_22355,userId_22330,1
userId_14112,userId_22330,6
userId_6738,userId_22330,1
userId_145,userId_22330,5
userId_20908,userId_22330,1
userId_38008,userId_22330,1
userId_19621,userId_22330,1
userId_29206,userId_22330,1
userId_5960,userId_22330,1
userId_16713,userId_22330,1
userId_21562,userId_22330,1
userId_13853,userId_22330,1
userId_31268,userId_22330,1
userId_27664,userId_22330,1
userId_1157,userId_22330,1
userId_17047,userId_22330,1
userId_21258,userId_22330,1
userId_20933,userId_22330,1
userId_35782,userId_22330,1
userId_32556,userId_22330,1
userId_34660,userId_22330,1
userId_34316,userId_22330,1
userId_15820,userId_22330,1
userId_27190,userId_22330,2
userId_4624,userId_22330,1
userId_36692,userId_22330,1
userId_8136,userId_22330,1
userId_20566,userId_22330,1
userId_9758,userId_22330,1
userId_36587,userId_22330,4
userId_7877,userId_22330,2
userId_23619,userId_22330,1
userId_8760,userId_22330,1
userId_36747,userId_22330,1
userId_10815,userId_22330,3
userId_24036,userId_22330,1
userId_4075,userId_22330,1
userId_7697,userId_22330,1
userId_10798,userId_22330,2
userId_22678,userId_22330,1
userId_29841,userId_22330,1
userId_4145,userId_22330,1
userId_30353,userId_22330,4
userId_12536,userId_22330,2
userId_22751,userId_22330,2
userId_26045,userId_22330,1
userId_38241,userId_22330,1
userId_74,userId_22330,1
userId_29402,userId_22330,1
userId_29524,userId_22330,1
userId_10612,userId_22330,1
userId_34655,userId_22330,4
userId_23191,userId_22330,8
userId_23114,userId_22330,13
userId_8175,userId_22330,1
userId_20247,userId_22330,1
userId_4611,userId_22330,1
userId_3590,userId_22330,1
userId_10619,userId_22330,1
userId_35780,userId_22330,1
userId_885,userId_22330,3
userId_18990,userId_22330,1
userId_24855,userId_22330,6
userId_14287,userId_22330,2
userId_27919,userId_22330,1
userId_25998,userId_22330,2
userId_31092,userId_22330,1
userId_11893,userId_22330,1
userId_22628,userId_22330,1
userId_31847,userId_22330,2
userId_18491,userId_22330,1
userId_38570,userId_22330,1
userId_8196,userId_22330,1
userId_33360,userId_22330,1
userId_23155,userId_22330,3
userId_9299,userId_22330,1
userId_8672,userId_22330,2
userId_23406,userId_22330,1
userId_17085,userId_22330,2
userId_10830,userId_22330,1
userId_24976,userId_22330,1
userId_14883,userId_22330,5
userId_2531,userId_22330,1
userId_6946,userId_22330,2
userId_1277,userId_22330,1
userId_23612,userId_22330,2
userId_6720,userId_22330,1
userId_7603,userId_22330,1
userId_22984,userId_22330,4
userId_6826,userId_22330,1
userId_5702,userId_22330,3
userId_28625,userId_22330,1
userId_7866,userId_22330,1
userId_19663,userId_22330,3
userId_2445,userId_22330,1
userId_3415,userId_22330,2
userId_21520,userId_22330,3
userId_10393,userId_22330,2
userId_32271,userId_22330,1
userId_37428,userId_22330,1
userId_34643,userId_22330,1
userId_12749,userId_22330,1
userId_31758,userId_22330,1
userId_966,userId_22330,1
userId_23812,userId_22330,2
userId_16495,userId_22330,2
userId_38958,userId_22330,2
userId_16098,userId_22330,1
userId_9908,userId_22330,2
userId_6871,userId_22330,11
userId_24709,userId_22330,1
userId_3877,userId_22330,1
userId_19057,userId_22330,1
userId_23793,userId_22330,5
userId_28318,userId_22330,1
userId_21545,userId_22330,1
userId_23471,userId_22330,1
userId_11274,userId_22330,2
userId_20045,userId_22330,1
userId_8277,userId_22330,1
userId_22429,userId_22330,1
userId_20021,userId_22330,1
userId_24343,userId_22330,2
userId_24307,userId_22330,5
userId_18733,userId_22330,1
userId_39327,userId_22330,1
userId_30395,userId_22330,1
userId_34742,userId_22330,1
userId_38687,userId_22330,1
userId_11529,userId_22330,1
userId_19885,userId_22330,17
userId_34396,userId_22330,2
userId_18879,userId_22330,1
userId_30620,userId_22330,3
userId_17207,userId_22330,1
userId_8663,userId_22330,5
userId_11983,userId_22330,1
userId_20728,userId_22330,1
userId_3948,userId_22330,2
userId_27677,userId_22330,2
userId_27964,userId_22330,4
userId_14782,userId_22330,2
userId_27461,userId_22330,1
userId_21046,userId_22330,1
userId_21115,userId_22330,1
userId_8838,userId_22330,5
userId_9055,userId_22330,2
userId_20802,userId_22330,1
userId_29100,userId_22330,1
userId_22127,userId_22330,3
userId_21304,userId_22330,1
userId_4231,userId_22330,1
userId_11121,userId_22330,2
userId_7580,userId_22330,2
userId_17072,userId_22330,1
userId_35124,userId_22330,3
userId_987,userId_22330,1
userId_25917,userId_22330,1
userId_9486,userId_22330,1
userId_16823,userId_22330,1
userId_24061,userId_22330,3
userId_8729,userId_22330,1
userId_16464,userId_22330,2
userId_30528,userId_22330,1
userId_20461,userId_22330,2
userId_38374,userId_22330,1
userId_28237,userId_22330,1
userId_27236,userId_22330,1
userId_27719,userId_22330,1
userId_2508,userId_22330,1
userId_27568,userId_22330,1
userId_29901,userId_22330,2
userId_5236,userId_22330,1
userId_11708,userId_22330,4
userId_4922,userId_22330,1
userId_9308,userId_22330,1
userId_4692,userId_22330,1
userId_38222,userId_22330,1
userId_15714,userId_22330,1
userId_33254,userId_22330,1
userId_11302,userId_22330,1
userId_28824,userId_22330,1
userId_19101,userId_22330,1
userId_33199,userId_22330,3
userId_7935,userId_22330,3
userId_27961,userId_22330,1
userId_18289,userId_22330,1
userId_3835,userId_22330,3
userId_8457,userId_22330,1
userId_17618,userId_22330,1
userId_18842,userId_22330,1
userId_28630,userId_22330,1
userId_8448,userId_22330,1
userId_13179,userId_22330,1
userId_15082,userId_22330,1
userId_12278,userId_22330,1
userId_9534,userId_22330,2
userId_20552,userId_22330,1
userId_4802,userId_22330,1
userId_8327,userId_22330,2
userId_34980,userId_22330,5
userId_10033,userId_22330,2
userId_10614,userId_22330,2
userId_22029,userId_22330,3
userId_27222,userId_22330,2
userId_2242,userId_22330,1
userId_3743,userId_22330,1
userId_21002,userId_22330,1
userId_28374,userId_22330,1
userId_39607,userId_22330,1
userId_13783,userId_22330,1
userId_24696,userId_22330,6
userId_8993,userId_22330,1
userId_1506,userId_22330,1
userId_22923,userId_22330,1
userId_15678,userId_22330,1
userId_15408,userId_22330,2
userId_38871,userId_22330,1
userId_22633,userId_22330,1
userId_95,userId_22330,2
userId_13561,userId_22330,1
userId_17695,userId_22330,1
userId_2825,userId_22330,1
userId_7500,userId_22330,1
userId_34410,userId_22330,1
userId_23409,userId_22330,1
userId_19670,userId_22330,1
userId_9571,userId_22330,1
userId_240,userId_22330,1
userId_35609,userId_22330,1
userId_17790,userId_22330,1
userId_29653,userId_22330,1
userId_6768,userId_22330,1
userId_3982,userId_22330,2
userId_506,userId_22330,3
userId_25473,userId_22330,1
userId_15093,userId_22330,1
userId_28133,userId_22330,1
userId_29981,userId_22330,2
userId_3994,userId_22330,2
userId_13300,userId_22330,2
userId_2060,userId_22330,1
userId_39219,userId_22330,1
userId_7568,userId_22330,3
userId_30909,userId_22330,1
userId_29162,userId_22330,3
userId_8428,userId_22330,1
userId_10783,userId_22330,1
userId_23144,userId_22330,1
userId_10484,userId_22330,2
userId_38894,userId_22330,1
userId_30314,userId_22330,1
userId_29035,userId_22330,1
userId_31580,userId_22330,2
userId_11468,userId_22330,2
userId_7442,userId_22330,1
userId_22330,userId_22330,768
userId_13893,userId_22330,3
userId_10816,userId_22330,4
userId_27092,userId_22330,1
userId_37282,userId_22330,1
userId_3332,userId_22330,4
userId_32871,userId_22330,1
userId_24601,userId_22330,1
userId_16508,userId_22330,8
userId_12164,userId_22330,2
userId_39201,userId_22330,1
userId_16339,userId_22330,1
userId_23642,userId_22330,1
userId_39080,userId_22330,3
userId_21645,userId_22330,1
userId_24919,userId_22330,2
userId_10407,userId_22330,1
userId_19104,userId_22330,1
userId_37392,userId_22330,3
userId_19507,userId_22330,2
userId_641,userId_22330,1
userId_24564,userId_22330,1
userId_36087,userId_22330,1
userId_12043,userId_22330,1
userId_22418,userId_22330,3
userId_38680,userId_22330,1
userId_27083,userId_22330,1
userId_1642,userId_22330,1
userId_9889,userId_22330,1
userId_37246,userId_22330,2
userId_33351,userId_22330,1
userId_39037,userId_22330,1
userId_10189,userId_22330,1
userId_23891,userId_22330,1
userId_24692,userId_22330,2
userId_2634,userId_22330,1
userId_24293,userId_22330,1
userId_130,userId_22330,2
userId_8541,userId_22330,1
userId_2494,userId_22330,2
userId_4861,userId_22330,1
userId_38693,userId_22330,1
userId_29587,userId_22330,1
userId_33363,userId_22330,2
userId_13639,userId_22330,1
userId_28517,userId_22330,1
userId_11698,userId_22330,2
userId_24208,userId_22330,1
userId_5839,userId_22330,1
userId_38847,userId_22330,1
userId_38564,userId_22330,2
userId_18546,userId_22330,3
userId_25486,userId_22330,2
userId_28156,userId_22330,1
userId_9409,userId_22330,1
userId_24981,userId_22330,1
userId_13490,userId_22330,1
userId_27301,userId_22330,1
userId_7169,userId_22330,1
userId_7463,userId_22330,1
userId_30184,userId_22330,1
userId_25950,userId_22330,1
userId_27925,userId_22330,1
userId_13900,userId_22330,1
userId_32548,userId_22330,1
userId_4349,userId_22330,2
userId_9425,userId_22330,1
userId_9046,userId_22330,1
userId_34002,userId_22330,1
userId_39133,userId_22330,1
userId_22674,userId_22330,1
userId_3043,userId_22330,1
userId_33132,userId_22330,1
userId_35853,userId_22330,1
userId_17900,userId_22330,2
userId_17440,userId_22330,3
userId_4827,userId_22330,2
userId_34798,userId_22330,1
userId_29875,userId_22330,1
userId_9190,userId_22330,1
userId_17698,userId_22330,1
userId_18509,userId_22330,2
userId_31784,userId_22330,1
userId_26772,userId_22330,1
userId_33531,userId_22330,1
userId_18734,userId_22330,1
userId_28506,userId_22330,1
userId_848,userId_22330,1
userId_32486,userId_22330,5
userId_34306,userId_22330,1
userId_27041,userId_22330,1
userId_28740,userId_22330,2
userId_38607,userId_22330,2
userId_28632,userId_22330,1
userId_26711,userId_22330,1
userId_14961,userId_22330,1
userId_12420,userId_22330,2
userId_25365,userId_22330,1
userId_22755,userId_22330,1
userId_5650,userId_22330,1
userId_20838,userId_22330,1
userId_38152,userId_22330,1
userId_28185,userId_22330,2
userId_20598,userId_22330,39
userId_21047,userId_22330,1
userId_13781,userId_22330,1
userId_17017,userId_22330,4
userId_28951,userId_22330,1
userId_30898,userId_22330,1
userId_36451,userId_22330,1
userId_18744,userId_22330,1
userId_22761,userId_22330,2
userId_16774,userId_22330,1
userId_10709,userId_22330,1
userId_13447,userId_22330,2
userId_11416,userId_22330,4
userId_10235,userId_22330,1
userId_35188,userId_22330,1
userId_10218,userId_22330,1
userId_28209,userId_22330,1
userId_35313,userId_22330,1
userId_28446,userId_22330,1
userId_38654,userId_22330,2
userId_20103,userId_22330,1
userId_17469,userId_22330,2
userId_28992,userId_22330,1
userId_25701,userId_22330,3
userId_28975,userId_22330,2
userId_4723,userId_22330,2
userId_17049,userId_22330,2
userId_30057,userId_22330,1
userId_6053,userId_22330,5
userId_37710,userId_22330,1
userId_6497,userId_22330,1
userId_12052,userId_22330,1
userId_37941,userId_22330,1
userId_35257,userId_22330,1
userId_12590,userId_22330,1
userId_2492,userId_22330,1
userId_24708,userId_22330,2
userId_30649,userId_22330,1
userId_27918,userId_22330,8
userId_23287,userId_22330,1
userId_12845,userId_22330,1
userId_28516,userId_22330,1
userId_10959,userId_22330,1
userId_6388,userId_22330,2
userId_35518,userId_22330,1
userId_2762,userId_22330,1
userId_4531,userId_22330,1
userId_31741,userId_22330,1
userId_3441,userId_22330,4
userId_19559,userId_22330,1
userId_13001,userId_22330,2
userId_18384,userId_22330,1
userId_39208,userId_22330,1
userId_34714,userId_22330,1
userId_20593,userId_22330,3
userId_27266,userId_22330,1
userId_37923,userId_22330,1
userId_22765,userId_22330,2
userId_31214,userId_22330,1
userId_7544,userId_22330,1
userId_36334,userId_22330,1
userId_7885,userId_22330,2
userId_22501,userId_22330,5
userId_2661,userId_22330,1
userId_22654,userId_22330,2
userId_12709,userId_22330,3
userId_18726,userId_22330,1
userId_20843,userId_22330,2
userId_18505,userId_22330,1
userId_6735,userId_22330,1
userId_39077,userId_22330,1
userId_22703,userId_22330,1
userId_14692,userId_22330,3
userId_9013,userId_22330,3
userId_7143,userId_22330,1
userId_35775,userId_22330,1
userId_30118,userId_22330,3
userId_1112,userId_22330,1
userId_10984,userId_22330,2
userId_21398,userId_22330,1
userId_920,userId_22330,1
userId_19863,userId_22330,1
userId_31911,userId_22330,1
userId_37778,userId_22330,1
userId_29636,userId_22330,1
userId_21473,userId_22330,3
userId_34094,userId_22330,1
userId_4652,userId_22330,2
userId_35343,userId_22330,1
userId_33599,userId_22330,4
userId_53,userId_22330,1
userId_33037,userId_22330,3
userId_18644,userId_22330,2
userId_34368,userId_22330,1
userId_21392,userId_22330,1
userId_33532,userId_22330,1
userId_18987,userId_22330,1
userId_16292,userId_22330,1
userId_23175,userId_22330,2
userId_29296,userId_22330,1
userId_34088,userId_22330,3
userId_16264,userId_22330,1
userId_9836,userId_22330,1
userId_35916,userId_22330,1
userId_489,userId_22330,1
userId_15407,userId_22330,1
userId_14067,userId_22330,1
userId_28753,userId_22330,1
userId_36580,userId_22330,5
userId_25916,userId_22330,1
userId_39177,userId_22330,1
userId_30500,userId_22330,2
userId_28046,userId_22330,1
userId_31989,userId_22330,1
userId_38530,userId_22330,3
userId_31765,userId_22330,3
userId_2125,userId_22330,2
userId_20638,userId_22330,2
userId_25544,userId_22330,1
userId_7831,userId_22330,2
userId_25774,userId_22330,1
userId_6949,userId_22330,1
userId_15357,userId_22330,1
userId_25116,userId_22330,1
userId_25778,userId_22330,3
userId_2796,userId_22330,2
userId_16165,userId_22330,4
userId_10359,userId_22330,1
userId_24099,userId_22330,1
userId_30619,userId_22330,11
userId_35063,userId_22330,1
userId_15279,userId_22330,1
userId_19922,userId_22330,2
userId_35415,userId_22330,1
userId_9354,userId_22330,1
userId_37855,userId_22330,3
userId_9639,userId_22330,3
userId_15923,userId_22330,2
userId_38895,userId_22330,1
userId_18547,userId_22330,1
userId_34427,userId_22330,1
userId_20333,userId_22330,1
userId_37692,userId_22330,1
userId_18462,userId_22330,1
userId_36536,userId_22330,1
userId_6467,userId_22330,1
userId_24633,userId_22330,1
userId_26420,userId_22330,1
userId_8119,userId_22330,1
userId_29816,userId_22330,1
userId_24046,userId_22330,1
userId_4028,userId_22330,1
userId_5738,userId_22330,1
userId_30284,userId_22330,1
userId_12889,userId_22330,2
userId_3804,userId_22330,1
userId_703,userId_22330,1
userId_22937,userId_22330,1
userId_1801,userId_22330,1
userId_32360,userId_22330,3
userId_36852,userId_22330,1
userId_9953,userId_22330,1
userId_6303,userId_22330,3
userId_8316,userId_22330,1
userId_25062,userId_22330,1
userId_6842,userId_22330,1
userId_19773,userId_22330,1
userId_24416,userId_22330,1
userId_23392,userId_22330,1
userId_13004,userId_22330,2
userId_8386,userId_22330,2
userId_38697,userId_22330,4
userId_16805,userId_22330,2
userId_32249,userId_22330,1
userId_33434,userId_22330,1
userId_26659,userId_22330,2
userId_16393,userId_22330,1
userId_32717,userId_22330,1
userId_32115,userId_22330,5
userId_25505,userId_22330,1
userId_35214,userId_22330,1
userId_6390,userId_22330,1
userId_27446,userId_22330,2
userId_25024,userId_22330,1
userId_1174,userId_22330,1
userId_15440,userId_22330,1
userId_10514,userId_22330,2
userId_39408,userId_22330,2
userId_27799,userId_22330,1
userId_23594,userId_22330,1
userId_15998,userId_22330,11
userId_2206,userId_22330,1
userId_18534,userId_22330,1
userId_24286,userId_22330,3
userId_25863,userId_22330,1
userId_6778,userId_22330,1
userId_37441,userId_22330,3
userId_10657,userId_22330,1
userId_31818,userId_22330,1
userId_23209,userId_22330,1
userId_13989,userId_22330,2
userId_5836,userId_22330,1
userId_9932,userId_22330,2
userId_8213,userId_22330,1
userId_6474,userId_22330,1
userId_2239,userId_22330,1
userId_37107,userId_22330,7
userId_3041,userId_22330,2
userId_4251,userId_22330,7
userId_32631,userId_22330,1
userId_79,userId_22330,1
userId_34005,userId_22330,1
userId_5811,userId_22330,1
userId_15027,userId_22330,1
userId_13735,userId_22330,2
userId_36331,userId_22330,1
userId_4897,userId_22330,2
userId_15433,userId_22330,1
userId_33421,userId_22330,1
userId_7934,userId_22330,26
userId_38723,userId_22330,1
userId_17752,userId_22330,1
userId_8201,userId_22330,1
userId_21471,userId_22330,1
userId_7494,userId_22330,1
userId_11533,userId_22330,6
userId_4541,userId_22330,1
userId_38982,userId_22330,1
userId_33620,userId_22330,1
userId_31001,userId_22330,2
userId_17377,userId_22330,1
userId_10042,userId_22330,3
userId_6003,userId_22330,2
userId_5647,userId_22330,1
userId_21653,userId_22330,1
userId_28892,userId_22330,1
userId_1696,userId_22330,2
userId_13097,userId_22330,1
userId_31219,userId_22330,1
userId_16546,userId_22330,1
userId_32005,userId_22330,1
userId_11028,userId_22330,2
userId_27784,userId_22330,1
userId_13960,userId_22330,5
userId_9547,userId_22330,1
userId_18997,userId_22330,1
userId_9233,userId_22330,2
userId_25744,userId_22330,2
userId_12199,userId_22330,2
userId_17113,userId_22330,1
userId_38601,userId_22330,1
userId_5340,userId_22330,2
userId_21391,userId_22330,1
userId_1638,userId_22330,2
userId_28325,userId_22330,1
userId_1619,userId_22330,1
userId_33442,userId_22330,1
userId_13062,userId_22330,4
userId_828,userId_22330,1
userId_36586,userId_22330,2
userId_10293,userId_22330,1
userId_36781,userId_22330,1
userId_22665,userId_22330,1
userId_13270,userId_22330,2
userId_26594,userId_22330,3
userId_26826,userId_22330,2
userId_12123,userId_22330,1
userId_8982,userId_22330,2
userId_18949,userId_22330,2
userId_27219,userId_22330,1
userId_29437,userId_22330,17
userId_1897,userId_22330,3
userId_18510,userId_22330,2
userId_11291,userId_22330,1
userId_15380,userId_22330,3
userId_34312,userId_22330,1
userId_21151,userId_22330,1
userId_38352,userId_22330,6
userId_10142,userId_22330,2
userId_905,userId_22330,2
userId_16127,userId_22330,1
userId_6791,userId_22330,1
userId_39718,userId_22330,1
userId_26365,userId_22330,1
userId_22105,userId_22330,3
userId_37391,userId_22330,1
userId_34471,userId_22330,1
userId_12625,userId_22330,7
userId_472,userId_22330,2
userId_37748,userId_22330,2
userId_33462,userId_22330,1
userId_23667,userId_22330,1
userId_29509,userId_22330,1
userId_7081,userId_22330,1
userId_27723,userId_22330,2
userId_71,userId_22330,2
userId_6899,userId_22330,12
userId_14463,userId_22330,1
userId_26183,userId_22330,2
userId_29053,userId_22330,1
userId_13738,userId_22330,1
userId_9618,userId_22330,1
userId_11461,userId_22330,3
userId_12259,userId_22330,2
userId_28561,userId_22330,1
userId_19208,userId_22330,1
userId_31027,userId_22330,2
userId_33604,userId_22330,4
userId_1422,userId_22330,3
userId_26249,userId_22330,1
userId_7431,userId_22330,1
userId_16407,userId_22330,2
userId_18031,userId_22330,1
userId_10057,userId_22330,2
userId_29938,userId_22330,1
userId_9931,userId_22330,1
userId_6636,userId_22330,1
userId_8940,userId_22330,6
userId_26400,userId_22330,1
userId_17220,userId_22330,2
userId_22543,userId_22330,1
userId_10431,userId_22330,7
userId_11352,userId_22330,10
userId_2818,userId_22330,3
userId_15956,userId_22330,1
userId_29426,userId_22330,1
userId_38341,userId_22330,1
userId_17646,userId_22330,6
userId_5130,userId_22330,3
userId_26302,userId_22330,7
userId_37091,userId_22330,3
userId_11312,userId_22330,1
userId_17099,userId_22330,1
userId_19760,userId_22330,1
userId_24635,userId_22330,1
userId_9888,userId_22330,1
userId_2098,userId_22330,3
userId_24142,userId_22330,1
userId_30733,userId_22330,2
userId_1467,userId_22330,1
userId_15989,userId_22330,1
userId_124,userId_22330,1
userId_18853,userId_22330,1
userId_21586,userId_22330,2
userId_8867,userId_22330,2
userId_33399,userId_22330,1
userId_26305,userId_22330,1
userId_27843,userId_22330,1
userId_22709,userId_22330,1
userId_31448,userId_22330,3
userId_4422,userId_22330,4
userId_18893,userId_22330,3
userId_28757,userId_22330,2
userId_11031,userId_22330,1
userId_31992,userId_22330,1
userId_32926,userId_22330,1
userId_17616,userId_22330,1
userId_21395,userId_22330,2
userId_553,userId_22330,1
userId_29178,userId_22330,2
userId_26020,userId_22330,1
userId_29813,userId_22330,1
userId_33702,userId_22330,1
userId_9193,userId_22330,1
userId_12098,userId_22330,1
userId_37094,userId_22330,1
userId_27974,userId_22330,1
userId_101,userId_22330,1
userId_4890,userId_22330,2
userId_10327,userId_22330,2
userId_12044,userId_22330,1
userId_4584,userId_22330,1
userId_28691,userId_22330,1
userId_31852,userId_22330,1
userId_18502,userId_22330,1
userId_19125,userId_22330,3
userId_33850,userId_22330,3
userId_9490,userId_22330,1
userId_1421,userId_22330,1
userId_7663,userId_22330,1
userId_16024,userId_22330,6
userId_38540,userId_22330,1
userId_35328,userId_22330,1
userId_18146,userId_22330,1
userId_3508,userId_22330,2
userId_10363,userId_22330,1
userId_34730,userId_22330,4
userId_15344,userId_22330,1
userId_3738,userId_22330,3
userId_33025,userId_22330,2
userId_36722,userId_22330,4
userId_31404,userId_22330,1
userId_18376,userId_22330,3
userId_7605,userId_22330,1
userId_10779,userId_22330,1
userId_22169,userId_22330,2
userId_15346,userId_22330,14
userId_4926,userId_22330,1
userId_36740,userId_22330,1
userId_21094,userId_22330,1
userId_20296,userId_22330,1
userId_23725,userId_22330,5
userId_33549,userId_22330,1
userId_21399,userId_22330,1
userId_9705,userId_22330,1
userId_39323,userId_22330,1
userId_5770,userId_22330,2
userId_37056,userId_22330,1
userId_26151,userId_22330,1
userId_38734,userId_22330,1
userId_29799,userId_22330,2
userId_16010,userId_22330,1
userId_28062,userId_22330,1
userId_31712,userId_22330,1
userId_35242,userId_22330,4
userId_33672,userId_22330,1
userId_25848,userId_22330,1
userId_19625,userId_22330,1
userId_33452,userId_22330,2
userId_38884,userId_22330,7
userId_17093,userId_22330,12
userId_31164,userId_22330,1
userId_18263,userId_22330,1
userId_30662,userId_22330,1
userId_29019,userId_22330,1
userId_24485,userId_22330,1
userId_19084,userId_22330,1
userId_4783,userId_22330,7
userId_10287,userId_22330,1
userId_13281,userId_22330,1
userId_21881,userId_22330,2
userId_26869,userId_22330,2
userId_22537,userId_22330,1
userId_10452,userId_22330,1
userId_26753,userId_22330,1
userId_19353,userId_22330,1
userId_15391,userId_22330,1
userId_38812,userId_22330,6
userId_2666,userId_22330,1
userId_37219,userId_22330,1
userId_30519,userId_22330,1
userId_10308,userId_22330,1
userId_985,userId_22330,1
userId_5188,userId_22330,1
userId_9808,userId_22330,1
userId_37737,userId_22330,1
userId_10697,userId_22330,1
userId_5213,userId_22330,4
userId_33352,userId_22330,1
userId_6889,userId_22330,1
userId_39137,userId_22330,2
userId_19713,userId_22330,1
userId_4261,userId_22330,2
userId_26744,userId_22330,1
userId_14605,userId_22330,12
userId_33656,userId_22330,1
userId_15850,userId_22330,2
userId_29332,userId_22330,3
userId_19837,userId_22330,1
userId_15654,userId_22330,2
userId_31747,userId_22330,2
userId_12673,userId_22330,1
userId_8791,userId_22330,1
userId_7030,userId_22330,1
userId_8381,userId_22330,2
userId_39073,userId_22330,2
userId_10834,userId_22330,1
userId_639,userId_22330,3
userId_13109,userId_22330,2
userId_2003,userId_22330,2
userId_14744,userId_22330,1
userId_22973,userId_22330,1
userId_13392,userId_22330,1
userId_23495,userId_22330,4
userId_39776,userId_22330,3
userId_5619,userId_22330,1
userId_32056,userId_22330,2
userId_5429,userId_22330,1
userId_35998,userId_22330,1
userId_21105,userId_22330,1
userId_38569,userId_22330,1
userId_11171,userId_22330,2
userId_18476,userId_22330,1
userId_778,userId_22330,1
userId_14664,userId_22330,1
userId_8181,userId_22330,2
userId_36650,userId_22330,3
userId_17065,userId_22330,2
userId_9448,userId_22330,2
userId_9881,userId_22330,3
userId_22361,userId_22330,1
userId_23131,userId_22330,2
userId_4439,userId_22330,1
userId_13410,userId_22330,1
userId_29356,userId_22330,1
userId_20441,userId_22330,1
userId_3354,userId_22330,1
userId_35858,userId_22330,8
userId_434,userId_22330,1
userId_30647,userId_22330,2
userId_30977,userId_22330,1
userId_5094,userId_22330,7
userId_27505,userId_22330,1
userId_31344,userId_22330,1
userId_32345,userId_22330,1
userId_9839,userId_22330,1
userId_25155,userId_22330,1
userId_27373,userId_22330,3
userId_25966,userId_22330,1
userId_38060,userId_22330,3
userId_6425,userId_22330,20
userId_1998,userId_22330,1
userId_14512,userId_22330,1
userId_13124,userId_22330,3
userId_22235,userId_22330,8
userId_10727,userId_22330,1
userId_22664,userId_22330,1
userId_29668,userId_22330,1
userId_12831,userId_22330,1
userId_22390,userId_22330,1
userId_25110,userId_22330,1
userId_3977,userId_22330,1
userId_34324,userId_22330,1
userId_2712,userId_22330,1
userId_12704,userId_22330,1
userId_6829,userId_22330,2
userId_36296,userId_22330,1
userId_37057,userId_22330,1
userId_33088,userId_22330,1
userId_27549,userId_22330,1
userId_2418,userId_22330,1
userId_20640,userId_22330,1
userId_4042,userId_22330,1
userId_15736,userId_22330,1
userId_35827,userId_22330,2
userId_33347,userId_22330,1
userId_23706,userId_22330,1
userId_31703,userId_22330,1
userId_28243,userId_22330,1
userId_38819,userId_22330,1
userId_16840,userId_22330,2
userId_34711,userId_22330,1
userId_34271,userId_22330,1
userId_19338,userId_22330,1
userId_7244,userId_22330,1
userId_13146,userId_22330,1
userId_33266,userId_22330,1
userId_13119,userId_22330,1
userId_11083,userId_22330,1
userId_27333,userId_22330,1
userId_37504,userId_22330,1
userId_21576,userId_22330,1
userId_31775,userId_22330,1
userId_10911,userId_22330,1
userId_35077,userId_22330,2
userId_27544,userId_22330,1
userId_21104,userId_22330,1
userId_23101,userId_22330,2
userId_17371,userId_22330,3
userId_3324,userId_22330,3
userId_10972,userId_22330,1
userId_4933,userId_22330,1
userId_16964,userId_22330,1
userId_10171,userId_22330,1
userId_2432,userId_22330,1
userId_12785,userId_22330,2
userId_31051,userId_22330,2
userId_725,userId_22330,1
userId_6281,userId_22330,1
userId_5542,userId_22330,1
userId_14162,userId_22330,2
userId_35703,userId_22330,1
userId_30875,userId_22330,1
userId_30753,userId_22330,1
userId_23873,userId_22330,1
userId_28385,userId_22330,2
userId_14095,userId_22330,8
userId_3755,userId_22330,1
userId_7682,userId_22330,4
userId_25638,userId_22330,7
userId_31697,userId_22330,1
userId_21542,userId_22330,2
userId_34103,userId_22330,3
userId_8170,userId_22330,1
userId_14952,userId_22330,1
userId_22301,userId_22330,1
userId_32597,userId_22330,1
userId_28398,userId_22330,1
userId_6378,userId_22330,1
userId_12264,userId_22330,1
userId_12925,userId_22330,1
userId_27493,userId_22330,2
userId_28475,userId_22330,1
userId_3647,userId_22330,1
userId_13739,userId_22330,1
userId_30919,userId_22330,1
userId_20829,userId_22330,1
userId_28889,userId_22330,1
userId_15536,userId_22330,1
userId_8469,userId_22330,1
userId_3675,userId_22330,2
userId_900,userId_22330,1
userId_31777,userId_22330,1
userId_33779,userId_22330,1
userId_21926,userId_22330,1
userId_16242,userId_22330,3
userId_20394,userId_22330,1
userId_29189,userId_22330,1
userId_899,userId_22330,7
userId_10706,userId_22330,2
userId_25612,userId_22330,1
userId_35746,userId_22330,1
userId_30837,userId_22330,1
userId_24107,userId_22330,2
userId_26418,userId_22330,3
userId_25672,userId_22330,1
userId_25551,userId_22330,1
userId_38751,userId_22330,8
userId_6843,userId_22330,1
userId_961,userId_22330,1
userId_34328,userId_22330,1
userId_32847,userId_22330,3
userId_10926,userId_22330,1
userId_36931,userId_22330,1
userId_36315,userId_22330,3
userId_6850,userId_22330,1
userId_10034,userId_22330,3
userId_4858,userId_22330,4
userId_4248,userId_22330,2
userId_14865,userId_22330,3
userId_17582,userId_22330,1
userId_5630,userId_22330,1
userId_15405,userId_22330,2
userId_33543,userId_22330,2
userId_1002,userId_22330,1
userId_24726,userId_22330,7
userId_36954,userId_22330,1
userId_1211,userId_22330,3
userId_37972,userId_27893,1
userId_33712,userId_27893,1
userId_6968,userId_27893,1
userId_25015,userId_27893,1
userId_27893,userId_27893,1
userId_10322,userId_30607,1
userId_17075,userId_30607,1
userId_23567,userId_30607,4
userId_10025,userId_30607,1
userId_31198,userId_30607,1
userId_11123,userId_30607,1
userId_15243,userId_30607,1
userId_210,userId_30607,1
userId_15676,userId_30607,1
userId_28769,userId_30607,2
userId_14699,userId_30607,2
userId_18751,userId_30607,1
userId_35880,userId_30607,1
userId_28522,userId_30607,1
userId_32595,userId_30607,3
userId_38901,userId_30607,1
userId_26778,userId_30607,1
userId_1231,userId_30607,1
userId_32792,userId_30607,1
userId_3120,userId_30607,1
userId_27081,userId_30607,1
userId_8450,userId_30607,1
userId_36977,userId_30607,13
userId_10401,userId_30607,1
userId_32425,userId_30607,1
userId_3428,userId_30607,12
userId_9405,userId_30607,1
userId_27660,userId_30607,1
userId_30607,userId_30607,4
userId_6089,userId_30607,1
userId_25259,userId_30607,1
userId_3392,userId_30607,1
userId_35915,userId_30607,1
userId_31101,userId_30607,3
userId_6465,userId_30607,1
userId_4316,userId_30607,1
userId_7721,userId_30607,1
userId_23473,userId_30607,1
userId_37838,userId_30607,2
userId_12908,userId_33117,1
userId_4034,userId_33117,1
userId_27013,userId_33117,1
userId_16284,userId_33117,5
userId_25480,userId_33117,1
userId_19423,userId_33117,1
userId_35281,userId_33117,1
userId_1443,userId_33117,1
userId_38330,userId_33117,1
userId_7591,userId_33117,1
userId_36535,userId_33117,2
userId_15151,userId_33117,1
userId_14622,userId_33117,5
userId_22465,userId_33117,1
userId_15467,userId_33117,1
userId_22917,userId_33117,1
userId_31885,userId_33117,1
userId_22638,userId_33117,1
userId_37173,userId_33117,4
userId_765,userId_33117,1
userId_15696,userId_33117,1
userId_37531,userId_33117,1
userId_31108,userId_33117,1
userId_14112,userId_33117,1
userId_12725,userId_33117,1
userId_38434,userId_33117,1
userId_22746,userId_33117,2
userId_2246,userId_33117,1
userId_14172,userId_33117,3
userId_19775,userId_33117,1
userId_1951,userId_33117,1
userId_30188,userId_33117,1
userId_29894,userId_33117,1
userId_33616,userId_33117,1
userId_9622,userId_33117,1
userId_35346,userId_33117,1
userId_17489,userId_33117,2
userId_11256,userId_33117,1
userId_8452,userId_33117,1
userId_18027,userId_33117,2
userId_29529,userId_33117,1
userId_35758,userId_33117,1
userId_31390,userId_33117,1
userId_12232,userId_33117,2
userId_27995,userId_33117,1
userId_5006,userId_33117,1
userId_30498,userId_33117,1
userId_16747,userId_33117,1
userId_5117,userId_33117,1
userId_38907,userId_33117,1
userId_19620,userId_33117,1
userId_16133,userId_33117,1
userId_36254,userId_33117,1
userId_36165,userId_33117,1
userId_281,userId_33117,1
userId_30326,userId_33117,1
userId_34883,userId_33117,1
userId_11117,userId_33117,2
userId_37384,userId_33117,2
userId_19595,userId_33117,1
userId_23846,userId_33117,1
userId_2595,userId_33117,1
userId_20119,userId_33117,1
userId_13240,userId_33117,1
userId_26157,userId_33117,1
userId_8160,userId_33117,1
userId_28640,userId_33117,1
userId_10120,userId_33117,11
userId_31198,userId_33117,1
userId_33271,userId_33117,3
userId_17098,userId_33117,1
userId_11172,userId_33117,1
userId_39595,userId_33117,1
userId_12113,userId_33117,1
userId_36171,userId_33117,1
userId_37243,userId_33117,1
userId_14311,userId_33117,11
userId_13971,userId_33117,2
userId_29229,userId_33117,1
userId_35703,userId_33117,1
userId_18944,userId_33117,16
userId_15841,userId_33117,1
userId_12227,userId_33117,1
userId_3295,userId_33117,1
userId_16073,userId_33117,1
userId_2889,userId_33117,2
userId_2487,userId_33117,1
userId_33117,userId_33117,33
userId_518,userId_33117,1
userId_38497,userId_33117,1
userId_31238,userId_33117,1
userId_25750,userId_33117,1
userId_33743,userId_33117,1
userId_20559,userId_33117,1
userId_31384,userId_33117,1
userId_23072,userId_33117,1
userId_5662,userId_33117,1
userId_30674,userId_33117,1
userId_30506,userId_33117,2
userId_20221,userId_33117,2
userId_31595,userId_33117,1
userId_26187,userId_33117,1
userId_24477,userId_33117,1
userId_25513,userId_33117,1
userId_562,userId_33117,1
userId_12486,userId_33117,1
userId_8911,userId_33117,1
userId_17220,userId_33117,2
userId_11249,userId_33117,1
userId_23061,userId_33117,1
userId_36672,userId_33117,1
userId_38807,userId_33117,1
userId_25125,userId_33117,1
userId_8365,userId_33117,1
userId_12608,userId_33117,1
userId_3422,userId_33117,1
userId_11000,userId_33117,1
userId_24853,userId_33117,1
userId_29515,userId_33117,1
userId_10401,userId_33117,1
userId_36174,userId_33117,1
userId_27153,userId_33117,1
userId_20394,userId_33117,2
userId_4057,userId_33117,1
userId_23110,userId_33117,1
userId_9438,userId_33117,1
userId_17412,userId_33117,1
userId_38317,userId_33117,1
userId_11152,userId_33117,2
userId_24816,userId_33117,1
userId_31354,userId_33117,1
userId_6877,userId_33117,3
userId_38181,userId_33117,6
userId_25437,userId_33117,1
userId_14155,userId_33117,3
userId_36393,userId_33117,1
userId_38109,userId_33117,1
userId_25727,userId_33117,1
userId_25168,userId_33117,1
userId_282,userId_33117,2
userId_12102,userId_33117,1
userId_22702,userId_33117,1
userId_36808,userId_33117,1
userId_8055,userId_9119,1
userId_15123,userId_9119,1
userId_3608,userId_9119,1
userId_34547,userId_9119,1
userId_33318,userId_9119,1
userId_37596,userId_9119,1
userId_6811,userId_9119,1
userId_3490,userId_9119,1
userId_3287,userId_9119,1
userId_4382,userId_9119,1
userId_18303,userId_9119,1
userId_18518,userId_9119,1
userId_2023,userId_9119,1
userId_9685,userId_9119,1
userId_20517,userId_9119,1
userId_26457,userId_9119,1
userId_39391,userId_9119,1
userId_9208,userId_9119,1
userId_19091,userId_9119,1
userId_5015,userId_9119,1
userId_11483,userId_9119,1
userId_34987,userId_9119,1
userId_35482,userId_9119,1
userId_20927,userId_9119,1
userId_17155,userId_9119,1
userId_4866,userId_9119,1
userId_5282,userId_9119,1
userId_23093,userId_9119,1
userId_7797,userId_9119,1
userId_36920,userId_9119,1
userId_12629,userId_9119,1
userId_5664,userId_9119,1
userId_10763,userId_9119,1
userId_24401,userId_9119,1
userId_11480,userId_9119,1
userId_21662,userId_9119,1
userId_32772,userId_9119,1
userId_18135,userId_9119,1
userId_7310,userId_9119,1
userId_3878,userId_9119,1
userId_2377,userId_9119,1
userId_14892,userId_9119,1
userId_27900,userId_9119,1
userId_27040,userId_9119,1
userId_32872,userId_9119,1
userId_34642,userId_9119,1
userId_16351,userId_9119,1
userId_16269,userId_9119,1
userId_23884,userId_9119,1
userId_20207,userId_9119,1
userId_12544,userId_9119,1
userId_24782,userId_9119,1
userId_16442,userId_9119,1
userId_23658,userId_9119,1
userId_13795,userId_9119,1
userId_2749,userId_9119,1
userId_30569,userId_9119,1
userId_19412,userId_9119,1
userId_19613,userId_9119,1
userId_38733,userId_9119,1
userId_2526,userId_9119,1
userId_32697,userId_9119,1
userId_31634,userId_9119,1
userId_35707,userId_9119,1
userId_35325,userId_9119,1
userId_22163,userId_9119,1
userId_15523,userId_9119,1
userId_26905,userId_9119,1
userId_8333,userId_9119,1
userId_35639,userId_9119,1
userId_5457,userId_9119,1
userId_12088,userId_9119,1
userId_24936,userId_9119,1
userId_20236,userId_9119,1
userId_3573,userId_9119,1
